    Mr. Shapiro,shapiro@mtl.com,10 Street,111-1111
    Mrs. Shapiro,shapiro3@ott.com,11 Street,222-2222
    Bobby,bobby@email.com,12 Street,333-3333
    Jack,jack@email.com,13 Street,444-4444
    Marge,margo.t@gmail.com,14 Street,555-5555
    Dylan,dylly@gmail.com,15 Street,666-6666
    Ronnie,ronnie@email.com,16 Street,777-7777
    Lloyd',lloyd@gmail.com,17 Street,888-8888
    Ronald',ron@gmail.com,18  Street,999-9999
